4,tell Do n-t that Fraschilla analyst however Fran 
4,said think I getting Bulls the are player a solid really 
4,tell Do n-t that Fraschilla analyst however Fran 
4,said think I getting Bulls the are player a solid really 
4,tell Do n-t that Fraschilla analyst however Fran 
4,said think I getting Bulls the are player a solid really 
4,tell Do n-t that Fraschilla analyst however Fran 
4,said think I getting Bulls the are player a solid really 
4,tell Do n-t that Fraschilla analyst however Fran 
4,said think I getting Bulls the are player a solid really 
4,tell Do n-t that Fraschilla analyst however Fran 
4,said think I getting Bulls the are player a solid really 
