0,rebound Hunter Cleveland Heat return LeBron | Felt theguardian.com | Sport | take It did n't long Heat the rebound to Miami 
0,confirmed Friday night hours James LeBron leaving he was return to Cavaliers the Heat the contract a re-signed forward Bosh Chris years five $ 118m 
1,disappointed left James run a Wade was understood he Cavaliers the berths four Cleveland consecutive NBA Finals produced that titles two 
2,was return Wade not way any represents yet unexpected still huge a win Miami agency free read * comes especially clicking SUBSCRIBE you have agreed Policy the since it a than less week left after returned Cleveland Fox Sports Privacy Terms Use James Heat the seasons four 
3,averaging national A Deng was points 19 season last traded being British game Cavaliers the 
3,expressed Deng interest joining Heat the made before James ever decision his return to 
6,expected return Wade was represents yet especially comes since still win huge a it a than less week left after returned Cavaliers the Miami agency free James Heat the seasons four 
7,speculated announced When it was widely follow that James LeBron Friday returning he Miller free would was agent Mike 
7,assists averaged 29-year-old The 3.5 rebounds 1.6 has points 7.4 seasons nine Portland Boston Minnesota Clippers the Phoenix Toronto Los Angeles 
8,unexpected news The was not tried as office Miami reconstruct to front team a made that trips four Finals the won titles two successive NBA decision James return to Cavaliers the seasons four Heat the 
