10,said Lee Reverend head School Trinity result Church the anathema move any Dorothy College Theological Melbourne victory was England would be stance its such Sydney a great step equality evangelical 
10,said much Sydney Lee is very out on limb a believe here emphasised that they headship male view it Sydney has emphatically anything if emphasised more even -s a years recent 
10,said Lee Reverend head School Trinity result Church the anathema move any Dorothy College Theological Melbourne victory was England would be stance its such Sydney a great step equality evangelical 
10,said much Sydney Lee is very out on limb a believe here emphasised that they headship male view it Sydney has emphatically anything if emphasised more even -s a years recent 
10,said Lee Reverend head School Trinity result Church the anathema move any Dorothy College Theological Melbourne victory was England would be stance its such Sydney a great step equality evangelical 
10,said much Sydney Lee is very out on limb a believe here emphasised that they headship male view it Sydney has emphatically anything if emphasised more even -s a years recent 
10,said Lee Reverend head School Trinity result Church the anathema move any Dorothy College Theological Melbourne victory was England would be stance its such Sydney a great step equality evangelical 
10,said much Sydney Lee is very out on limb a believe here emphasised that they headship male view it Sydney has emphatically anything if emphasised more even -s a years recent 
10,said Lee Reverend head School Trinity result Church the anathema move any Dorothy College Theological Melbourne victory was England would be stance its such Sydney a great step equality evangelical 
10,said much Sydney Lee is very out on limb a believe here emphasised that they headship male view it Sydney has emphatically anything if emphasised more even -s a years recent 
10,said Lee Reverend head School Trinity result Church the anathema move any Dorothy College Theological Melbourne victory was England would be stance its such Sydney a great step equality evangelical 
10,said much Sydney Lee is very out on limb a believe here emphasised that they headship male view it Sydney has emphatically anything if emphasised more even -s a years recent 
