iraq,forces,fought,guilty,stationed,al-abbadi,the,where,kill,yemen,his,affiliated,battalions,early,approximately,late,country,abbadi,papers,military,
troops,afghanistan,gain,citizen,entry,vinas,abbadi,american,join,explosives,rigged,compound,them,luring,helped,kill,tried,iraq,battles,bryant,
the,qaeda,island,long,york,new,who,pakistan,witness,afghanistan,attack,that,was,vinas,al-abbadi,guilty,joine,hoping,had,fight,
the,senior,leadership,ties,pakistan,was,kelly,attorney,both,group,high-level,currie,acting,defendant,yemen,terrorist,court,guilty,yemeni,charges,
the,pakistan,senior,qaeda,member,al-qaeda,prosecutors,fata,abbadi,saeed,al-masri,who,directly,leadership,had,sheikh,engaged,afghanistan,ranking,fight,
guilty,yemeni,conspiring,who,charges,federal,man,court,terrorism,four,tuesday,afghanistan,member,bar,abroad,year-old,murder,nationals,has,military,
the,directly,senior,member,al-qaeda,saeed,al-masri,qaeda,leadership,had,sheikh,al-abbadi,who,ranking,arabian,peninsula,ties,pakistan,terrorist,organization,
the,iraq,qaeda,island,long,fought,pakistan,yemen,his,forces,york,new,court,al-abbadi,fight,where,witness,affiliated,battalions,early,
pakistan,the,was,abbadi,senior,kelly,attorney,both,group,leadership,high-level,currie,acting,defendant,yemen,ties,terrorist,fight,traveled,afghanistan,
troops,afghanistan,gain,citizen,entry,american,explosives,rigged,compound,them,luring,helped,kill,tried,iraq,battles,bryant,vinas,yesterday,help,
