10,met Bedeir Diplomat Department Bird Affairs 11am Sherif deputy secretary Gillian Canberra 
10,Photo expressed Bird Ellinghausen anger Australia sentence the Ms dissatisfaction harsh seven-year jail handed journalist the Monday night al-Jazeera 
10,met Bedeir Diplomat Department Bird Affairs 11am Sherif deputy secretary Gillian Canberra 
10,Photo expressed Bird Ellinghausen anger Australia sentence the Ms dissatisfaction harsh seven-year jail handed journalist the Monday night al-Jazeera 
10,met Bedeir Diplomat Department Bird Affairs 11am Sherif deputy secretary Gillian Canberra 
10,Photo expressed Bird Ellinghausen anger Australia sentence the Ms dissatisfaction harsh seven-year jail handed journalist the Monday night al-Jazeera 
10,met Bedeir Diplomat Department Bird Affairs 11am Sherif deputy secretary Gillian Canberra 
10,Photo expressed Bird Ellinghausen anger Australia sentence the Ms dissatisfaction harsh seven-year jail handed journalist the Monday night al-Jazeera 
10,met Bedeir Diplomat Department Bird Affairs 11am Sherif deputy secretary Gillian Canberra 
10,Photo expressed Bird Ellinghausen anger Australia sentence the Ms dissatisfaction harsh seven-year jail handed journalist the Monday night al-Jazeera 
10,met Bedeir Diplomat Department Bird Affairs 11am Sherif deputy secretary Gillian Canberra 
10,Photo expressed Bird Ellinghausen anger Australia sentence the Ms dissatisfaction harsh seven-year jail handed journalist the Monday night al-Jazeera 
