0,kept One worst the confirmed secrets sport was confirming Royal the preferably 2019 wants it Ancient add to links the rota the again once Northern Open 
0,be It will benefit great championship a club the whole have to played here Ireland game-s the greatest 
0,kept One worst the confirmed secrets sport was confirming Royal the preferably 2019 wants it Ancient add to links the rota the again once Northern Open 
0,be It will benefit great championship a club the whole have to played here Ireland game-s the greatest 
0,kept One worst the confirmed secrets sport was confirming Royal the preferably 2019 wants it Ancient add to links the rota the again once Northern Open 
0,be It will benefit great championship a club the whole have to played here Ireland game-s the greatest 
0,kept One worst the confirmed secrets sport was confirming Royal the preferably 2019 wants it Ancient add to links the rota the again once Northern Open 
0,be It will benefit great championship a club the whole have to played here Ireland game-s the greatest 
0,kept One worst the confirmed secrets sport was confirming Royal the preferably 2019 wants it Ancient add to links the rota the again once Northern Open 
0,be It will benefit great championship a club the whole have to played here Ireland game-s the greatest 
0,kept One worst the confirmed secrets sport was confirming Royal the preferably 2019 wants it Ancient add to links the rota the again once Northern Open 
0,be It will benefit great championship a club the whole have to played here Ireland game-s the greatest 
